"accessed_at","alternate_titles","analysis_basis","archived_url","author_ids","canonical_identity_status","canonical_title","canonical_url","channel","chapter_markers","content_hash","correction_ids","date_range","doi","duration_seconds","embed_url","event_date","executive_roles","findings","funding","geography_discussed","geography_of_organization","geography_of_speaker","human_review_status","inclusion_rationale","institutional_author","language","limitations","machine_review_status","methodology_quality","organization_references","original_abstract","original_source_id","original_url","ownership_status","peer_review_status","population","provenance","publication_status","published_at","publisher","recorded_at","relationship_to_off","repost_status","retraction_status","reviewed_at","reviewed_by","revision_history","rights_status","sample","series_or_parent_source","source_depth","source_id","source_quality_dimensions","source_type","speaker_ids","sponsor","study_design","study_geography","topics","transcript_republication_permission","transcript_source","transcript_status","translated_title","translation_method","updated_at","verification_status","workflow_status"
"2026-08-15","[]","official_metadata","null","[]","machine_verified_human_pending","Zero Trust Networks — Audiobook","https://www.oreilly.com/library/view/zero-trust-networks/9781663735591/","null","[]","null","[]","{}","null","null","null","null","[""role-ciso"",""role-cio"",""role-cto""]","[]","null","[""geo-global""]","[]","[]","approved","Related format and narrator metadata for book-work-BATCH-2026-002-002.","Ascent Audio / O’Reilly","lang-en","[""Candidate related source only; not accepted for statement extraction.""]","ready_for_human_review","{""not_applicable"":true}","[]","null","null","https://www.oreilly.com/library/view/zero-trust-networks/9781663735591/","third_party","null","null","[{""source_url"":""https://www.oreilly.com/library/view/zero-trust-networks/9781663735591/"",""accessed_at"":""2026-08-15"",""retrieval_method"":""Official publisher, project, or author-hosted bibliographic page inspected through public web access"",""exact_locator"":""Official related-source page"",""content_hash"":null,""batch_id"":""BATCH-2026-002"",""prompt_id"":""OEII-BOOK-METADATA"",""prompt_version"":""2.0"",""notes"":""Related format and narrator metadata for book-work-BATCH-2026-002-002.""}]","published","null","Ascent Audio / O’Reilly","null","none_identified","original_or_official","null","2026-08-16T23:17:22Z","Murray Newlands","[{""changed_at"":""2026-08-16T23:17:22Z"",""changed_by"":""Murray Newlands"",""summary"":""Approved for the governed-identities pilot release under the exact scope, exclusions, rights treatment, and limitations recorded in issue #18."",""batch_id"":""BATCH-2026-002""}]","metadata_only","{}","null","metadata_only","related-source-BATCH-2026-002-002","{""primary_source"":true,""bibliographic_stability"":""high""}","audiobook","[]","null","null","[]","[""governed-agent-identities"",""book-related-source""]","null","null","null","null","null","null","machine_verified_human_approved","published"
"2026-08-15","[]","authorized_preview","null","[]","machine_verified_human_pending","OAuth 2 in Action — Authorized Chapter 1 Preview","https://www.manning.com/preview/oauth-2-in-action/chapter-1","null","[]","null","[]","{}","null","null","null","null","[""role-ciso"",""role-cio"",""role-cto""]","[]","null","[""geo-global""]","[]","[]","approved","Limited authorized preview related to book-work-BATCH-2026-002-003.","Manning Publications","lang-en","[""Candidate related source only; not accepted for statement extraction.""]","ready_for_human_review","{""not_applicable"":true}","[]","null","null","https://www.manning.com/preview/oauth-2-in-action/chapter-1","third_party","null","null","[{""source_url"":""https://www.manning.com/preview/oauth-2-in-action/chapter-1"",""accessed_at"":""2026-08-15"",""retrieval_method"":""Official publisher, project, or author-hosted bibliographic page inspected through public web access"",""exact_locator"":""Official related-source page"",""content_hash"":null,""batch_id"":""BATCH-2026-002"",""prompt_id"":""OEII-BOOK-METADATA"",""prompt_version"":""2.0"",""notes"":""Limited authorized preview related to book-work-BATCH-2026-002-003.""}]","published","null","Manning Publications","null","none_identified","original_or_official","null","2026-08-16T23:17:22Z","Murray Newlands","[{""changed_at"":""2026-08-16T23:17:22Z"",""changed_by"":""Murray Newlands"",""summary"":""Approved for the governed-identities pilot release under the exact scope, exclusions, rights treatment, and limitations recorded in issue #18."",""batch_id"":""BATCH-2026-002""}]","link_and_paraphrase","{}","null","metadata_only","related-source-BATCH-2026-002-003","{""primary_source"":true,""bibliographic_stability"":""high""}","other_approved","[]","null","null","[]","[""governed-agent-identities"",""book-related-source""]","null","null","null","null","null","null","machine_verified_human_approved","published"
"2026-08-15","[]","table_of_contents_only","null","[]","machine_verified_human_pending","API Security in Action — Official Contents","https://livebook.manning.com/book/api-security-in-action/contents","null","[]","null","[]","{}","null","null","null","null","[""role-ciso"",""role-cio"",""role-cto""]","[]","null","[""geo-global""]","[]","[]","approved","Official contents related to book-work-BATCH-2026-002-004.","Manning Publications","lang-en","[""Candidate related source only; not accepted for statement extraction.""]","ready_for_human_review","{""not_applicable"":true}","[]","null","null","https://livebook.manning.com/book/api-security-in-action/contents","third_party","null","null","[{""source_url"":""https://livebook.manning.com/book/api-security-in-action/contents"",""accessed_at"":""2026-08-15"",""retrieval_method"":""Official publisher, project, or author-hosted bibliographic page inspected through public web access"",""exact_locator"":""Official related-source page"",""content_hash"":null,""batch_id"":""BATCH-2026-002"",""prompt_id"":""OEII-BOOK-METADATA"",""prompt_version"":""2.0"",""notes"":""Official contents related to book-work-BATCH-2026-002-004.""}]","published","null","Manning Publications","null","none_identified","original_or_official","null","2026-08-16T23:17:22Z","Murray Newlands","[{""changed_at"":""2026-08-16T23:17:22Z"",""changed_by"":""Murray Newlands"",""summary"":""Approved for the governed-identities pilot release under the exact scope, exclusions, rights treatment, and limitations recorded in issue #18."",""batch_id"":""BATCH-2026-002""}]","link_and_paraphrase","{}","null","metadata_only","related-source-BATCH-2026-002-004","{""primary_source"":true,""bibliographic_stability"":""high""}","other_approved","[]","null","null","[]","[""governed-agent-identities"",""book-related-source""]","null","null","null","null","null","null","machine_verified_human_approved","published"
"2026-08-15","[]","official_description","null","[]","machine_verified_human_pending","Introducing our new book Building Secure and Reliable Systems","https://security.googleblog.com/2020/04/introducing-our-new-book-building.html","null","[]","null","[]","{}","null","null","null","null","[""role-ciso"",""role-cio"",""role-cto""]","[]","null","[""geo-global""]","[]","[]","approved","Official launch essay related to book-work-BATCH-2026-002-005.","Google Security Blog","lang-en","[""Candidate related source only; not accepted for statement extraction.""]","ready_for_human_review","{""not_applicable"":true}","[]","null","null","https://security.googleblog.com/2020/04/introducing-our-new-book-building.html","third_party","null","null","[{""source_url"":""https://security.googleblog.com/2020/04/introducing-our-new-book-building.html"",""accessed_at"":""2026-08-15"",""retrieval_method"":""Official publisher, project, or author-hosted bibliographic page inspected through public web access"",""exact_locator"":""Official related-source page"",""content_hash"":null,""batch_id"":""BATCH-2026-002"",""prompt_id"":""OEII-BOOK-METADATA"",""prompt_version"":""2.0"",""notes"":""Official launch essay related to book-work-BATCH-2026-002-005.""}]","published","2020-04-08","Google Security Blog","null","none_identified","original_or_official","null","2026-08-16T23:17:22Z","Murray Newlands","[{""changed_at"":""2026-08-16T23:17:22Z"",""changed_by"":""Murray Newlands"",""summary"":""Approved for the governed-identities pilot release under the exact scope, exclusions, rights treatment, and limitations recorded in issue #18."",""batch_id"":""BATCH-2026-002""}]","link_and_paraphrase","{}","null","metadata_only","related-source-BATCH-2026-002-005","{""primary_source"":true,""bibliographic_stability"":""high""}","essay","[]","null","null","[]","[""governed-agent-identities"",""book-related-source""]","null","null","null","null","null","null","machine_verified_human_approved","published"
"2026-08-15","[]","official_description","null","[]","machine_verified_human_pending","Learn to build secure and reliable systems with a new book from Google","https://cloud.google.com/blog/products/management-tools/learn-to-build-secure-and-reliable-systems-with-a-new-book-from-google","null","[]","null","[]","{}","null","null","null","null","[""role-ciso"",""role-cio"",""role-cto""]","[]","null","[""geo-global""]","[]","[]","approved","Author launch essay related to book-work-BATCH-2026-002-005.","Google Cloud Blog","lang-en","[""Candidate related source only; not accepted for statement extraction.""]","ready_for_human_review","{""not_applicable"":true}","[]","null","null","https://cloud.google.com/blog/products/management-tools/learn-to-build-secure-and-reliable-systems-with-a-new-book-from-google","third_party","null","null","[{""source_url"":""https://cloud.google.com/blog/products/management-tools/learn-to-build-secure-and-reliable-systems-with-a-new-book-from-google"",""accessed_at"":""2026-08-15"",""retrieval_method"":""Official publisher, project, or author-hosted bibliographic page inspected through public web access"",""exact_locator"":""Official related-source page"",""content_hash"":null,""batch_id"":""BATCH-2026-002"",""prompt_id"":""OEII-BOOK-METADATA"",""prompt_version"":""2.0"",""notes"":""Author launch essay related to book-work-BATCH-2026-002-005.""}]","published","2020-04-08","Google Cloud Blog","null","none_identified","original_or_official","null","2026-08-16T23:17:22Z","Murray Newlands","[{""changed_at"":""2026-08-16T23:17:22Z"",""changed_by"":""Murray Newlands"",""summary"":""Approved for the governed-identities pilot release under the exact scope, exclusions, rights treatment, and limitations recorded in issue #18."",""batch_id"":""BATCH-2026-002""}]","link_and_paraphrase","{}","null","metadata_only","related-source-BATCH-2026-002-006","{""primary_source"":true,""bibliographic_stability"":""high""}","essay","[]","null","null","[]","[""governed-agent-identities"",""book-related-source""]","null","null","null","null","null","null","machine_verified_human_approved","published"
"2026-08-15","[]","authorized_preview","null","[]","machine_verified_human_pending","Identity in Modern Applications — Official Contents and Preview","https://www.oreilly.com/library/view/identity-in-modern/9781098107789/","null","[]","null","[]","{}","null","null","null","null","[""role-ciso"",""role-cio"",""role-cto""]","[]","null","[""geo-global""]","[]","[]","approved","Official preview related to book-work-BATCH-2026-002-006.","O’Reilly Media, Inc.","lang-en","[""Candidate related source only; not accepted for statement extraction.""]","ready_for_human_review","{""not_applicable"":true}","[]","null","null","https://www.oreilly.com/library/view/identity-in-modern/9781098107789/","third_party","null","null","[{""source_url"":""https://www.oreilly.com/library/view/identity-in-modern/9781098107789/"",""accessed_at"":""2026-08-15"",""retrieval_method"":""Official publisher, project, or author-hosted bibliographic page inspected through public web access"",""exact_locator"":""Official related-source page"",""content_hash"":null,""batch_id"":""BATCH-2026-002"",""prompt_id"":""OEII-BOOK-METADATA"",""prompt_version"":""2.0"",""notes"":""Official preview related to book-work-BATCH-2026-002-006.""}]","published","null","O’Reilly Media, Inc.","null","none_identified","original_or_official","null","2026-08-16T23:17:22Z","Murray Newlands","[{""changed_at"":""2026-08-16T23:17:22Z"",""changed_by"":""Murray Newlands"",""summary"":""Approved for the governed-identities pilot release under the exact scope, exclusions, rights treatment, and limitations recorded in issue #18."",""batch_id"":""BATCH-2026-002""}]","link_and_paraphrase","{}","null","metadata_only","related-source-BATCH-2026-002-007","{""primary_source"":true,""bibliographic_stability"":""high""}","other_approved","[]","null","null","[]","[""governed-agent-identities"",""book-related-source""]","null","null","null","null","null","null","machine_verified_human_approved","published"
"2026-08-15","[]","authorized_preview","null","[]","machine_verified_human_pending","Identity-Native Infrastructure Access Management — Preface","https://www.oreilly.com/library/view/identity-native-infrastructure-access/9781098131883/preface01.html","null","[]","null","[]","{}","null","null","null","null","[""role-ciso"",""role-cio"",""role-cto""]","[]","null","[""geo-global""]","[]","[]","approved","Official preface related to book-work-BATCH-2026-002-009.","O’Reilly Media, Inc.","lang-en","[""Candidate related source only; not accepted for statement extraction.""]","ready_for_human_review","{""not_applicable"":true}","[]","null","null","https://www.oreilly.com/library/view/identity-native-infrastructure-access/9781098131883/preface01.html","third_party","null","null","[{""source_url"":""https://www.oreilly.com/library/view/identity-native-infrastructure-access/9781098131883/preface01.html"",""accessed_at"":""2026-08-15"",""retrieval_method"":""Official publisher, project, or author-hosted bibliographic page inspected through public web access"",""exact_locator"":""Official related-source page"",""content_hash"":null,""batch_id"":""BATCH-2026-002"",""prompt_id"":""OEII-BOOK-METADATA"",""prompt_version"":""2.0"",""notes"":""Official preface related to book-work-BATCH-2026-002-009.""}]","published","null","O’Reilly Media, Inc.","null","none_identified","original_or_official","null","2026-08-16T23:17:22Z","Murray Newlands","[{""changed_at"":""2026-08-16T23:17:22Z"",""changed_by"":""Murray Newlands"",""summary"":""Approved for the governed-identities pilot release under the exact scope, exclusions, rights treatment, and limitations recorded in issue #18."",""batch_id"":""BATCH-2026-002""}]","link_and_paraphrase","{}","null","metadata_only","related-source-BATCH-2026-002-009","{""primary_source"":true,""bibliographic_stability"":""high""}","other_approved","[]","null","null","[]","[""governed-agent-identities"",""book-related-source""]","null","null","null","null","null","null","machine_verified_human_approved","published"
"2026-08-15","[]","full_text_lawfully_accessed","null","[]","machine_verified_human_pending","Building Secure and Reliable Systems — Official Complete HTML","https://google.github.io/building-secure-and-reliable-systems/","null","[]","null","[]","{}","null","null","null","null","[""role-ciso"",""role-cio"",""role-cto""]","[]","null","[""geo-global""]","[]","[]","approved","Official complete text access point; reuse license not established.","Google","lang-en","[""Candidate related source only; not accepted for statement extraction.""]","ready_for_human_review","{""not_applicable"":true}","[]","null","null","https://google.github.io/building-secure-and-reliable-systems/","third_party","null","null","[{""source_url"":""https://google.github.io/building-secure-and-reliable-systems/"",""accessed_at"":""2026-08-15"",""retrieval_method"":""Official publisher, project, or author-hosted bibliographic page inspected through public web access"",""exact_locator"":""Official related-source page"",""content_hash"":null,""batch_id"":""BATCH-2026-002"",""prompt_id"":""OEII-BOOK-METADATA"",""prompt_version"":""2.0"",""notes"":""Official complete text access point; reuse license not established.""}]","published","null","Google","null","none_identified","original_or_official","null","2026-08-16T23:17:22Z","Murray Newlands","[{""changed_at"":""2026-08-16T23:17:22Z"",""changed_by"":""Murray Newlands"",""summary"":""Approved for the governed-identities pilot release under the exact scope, exclusions, rights treatment, and limitations recorded in issue #18."",""batch_id"":""BATCH-2026-002""}]","link_and_paraphrase","{}","null","metadata_only","related-source-BATCH-2026-002-010","{""primary_source"":true,""bibliographic_stability"":""high""}","other_approved","[]","null","null","[]","[""governed-agent-identities"",""book-related-source""]","null","null","null","null","null","null","machine_verified_human_approved","published"
"2026-08-15","[""Solving the Bottom Turtle""]","Complete 194-page official PDF read in full","null","[""person-BATCH-2026-002-001"",""person-BATCH-2026-002-002"",""person-BATCH-2026-002-003"",""person-BATCH-2026-002-004"",""person-BATCH-2026-002-005"",""person-BATCH-2026-002-006"",""person-BATCH-2026-002-007"",""person-BATCH-2026-002-008"",""person-BATCH-2026-002-009"",""person-BATCH-2026-002-010"",""person-BATCH-2026-002-011"",""person-BATCH-2026-002-012""]","Exact first edition verified by title page, ISBN, publisher, date, format, pagination, and SHA-256","Solving the Bottom Turtle: A SPIFFE Way to Establish Trust in Your Infrastructure via Universal Identity","https://spiffe.io/book/","null","[{""chapter"":1},{""chapter"":2},{""chapter"":3},{""chapter"":4},{""chapter"":5},{""chapter"":6},{""chapter"":7},{""chapter"":8},{""chapter"":9},{""chapter"":10}]","8353e3cf6fb8859ff34b0a43fe8146d7580dd32c9ace863c1a4758440f898fcb","[]","{""edition"":""2020""}","null","null","null","null","[""CISO"",""CIO"",""CTO"",""CEO"",""General Counsel"",""Board Director""]","[]","null","[""Global distributed infrastructure""]","[""United States""]","[]","approved","Directly addresses machine and workload identity—the technical substrate most closely adjacent to governed AI-agent identity—while exposing where identity ends and authorization begins.","null","lang-en","[""The case evidence is self-reported and does not isolate SPIFFE or SPIRE as the cause of the reported outcomes."",""The book is written by project participants and sometimes moves from design argument to ecosystem advocacy."",""Its workload identity model does not by itself encode an AI agent's sponsor, delegation chain, task purpose, model, session, or decision provenance."",""The 2020 edition predates later token formats, wider platform support, current AI-agent systems, and subsequent identity standards work.""]","ready_for_human_review","{""design"":""Practitioner synthesis and technical argument"",""causal_strength"":""Low"",""transparency"":""Threat assumptions and design tradeoffs are usually explicit""}","[]","A practitioner book explaining SPIFFE and SPIRE as an architecture for workload identity, attestation, trust domains, deployment, integration, authorization, and operational adoption.","null","https://spiffe.io/pdf/Solving-the-bottom-turtle-SPIFFE-SPIRE-Book.pdf","third_party","No formal academic peer review identified","Distributed infrastructure operators and service workloads","[{""source_url"":""https://spiffe.io/pdf/Solving-the-bottom-turtle-SPIFFE-SPIRE-Book.pdf"",""accessed_at"":""2026-08-15"",""retrieval_method"":""Complete exact edition retrieved from an official public source and reviewed in full"",""exact_locator"":""Complete PDF pages 1–194"",""content_hash"":""8353e3cf6fb8859ff34b0a43fe8146d7580dd32c9ace863c1a4758440f898fcb"",""batch_id"":""BATCH-2026-003"",""prompt_id"":""OEII-BOOK-DEEP-ANALYSIS"",""prompt_version"":""2.0"",""notes"":""No direct quotations stored""}]","published","2020-11-17","SPIFFE Project","null","null","null","null","2026-08-16T23:17:22Z","Murray Newlands","[{""changed_at"":""2026-08-16T23:17:22Z"",""changed_by"":""Murray Newlands"",""summary"":""Approved for the governed-identities pilot release under the exact scope, exclusions, rights treatment, and limitations recorded in issue #18."",""batch_id"":""BATCH-2026-003""}]","openly_licensed","{""case_studies"":5}","null","complete_edition_deep_analysis","source-BATCH-2026-003-001","{""authority"":""Project-authored primary technical source"",""completeness"":""Complete exact edition"",""independence"":""Low; authors are project participants"",""reproducibility"":""High; official PDF and page locators""}","book","[]","SPIFFE Project","Technical architecture and practitioner case synthesis","[]","[""topic-ai-agents"",""topic-ai-governance"",""topic-cybersecurity"",""topic-non-human-identity"",""topic-enterprise-infrastructure""]","null","null","null","null","null","null","machine_verified_human_approved","published"
"2026-08-15","[""Building Secure & Reliable Systems""]","Complete official first-edition HTML: 35 files and 176,914 normalized words read in full","null","[""person-BATCH-2026-002-019"",""person-BATCH-2026-002-020"",""person-BATCH-2026-002-021"",""person-BATCH-2026-002-022"",""person-BATCH-2026-002-023"",""person-BATCH-2026-002-024""]","Exact first online edition verified by title, ISBN, publisher, publication date, pagination, official content manifest, and normalized text hash","Building Secure and Reliable Systems: Best Practices for Designing, Implementing, and Maintaining Systems","https://www.oreilly.com/library/view/building-secure-and/9781492083115/","null","[{""chapter"":1},{""chapter"":2},{""chapter"":3},{""chapter"":4},{""chapter"":5},{""chapter"":6},{""chapter"":7},{""chapter"":8},{""chapter"":9},{""chapter"":10},{""chapter"":11},{""chapter"":12},{""chapter"":13},{""chapter"":14},{""chapter"":15},{""chapter"":16},{""chapter"":17},{""chapter"":18},{""chapter"":19},{""chapter"":20},{""chapter"":21},{""chapter"":22}]","6bf5050c08be0bced81767ac14bd9b3303e34b3efb667806b3c9e9d6b0ed8cf1","[]","{""edition"":""2020""}","null","null","null","null","[""CISO"",""CIO"",""CTO"",""CEO"",""General Counsel"",""Board Director""]","[]","null","[""Global large-scale technology operations""]","[""United States""]","[]","approved","Provides governance patterns for least privilege, contextual authorization, artifact provenance, auditability, recovery, and organizational accountability that can be carefully adapted to AI agents.","null","lang-en","[""Many recommendations reflect Google's scale, staffing, engineering maturity, and ability to build custom control planes."",""The chapter evidence is primarily practitioner experience rather than externally replicated causal analysis."",""The book predates modern general-purpose AI agents and does not define sponsor, delegation, session, model, tool-purpose, or decision-provenance identity fields."",""Privacy, legal process, and geography are acknowledged but not developed into jurisdiction-specific operating models.""]","ready_for_human_review","{""design"":""Multi-author practitioner synthesis"",""causal_strength"":""Low to moderate for design reasoning; low for generalized outcomes"",""transparency"":""Tradeoffs are commonly stated; case selection is not systematic""}","[]","A multi-author practitioner volume integrating security and reliability across design, implementation, deployment, incident response, recovery, organization, and culture.","null","https://google.github.io/building-secure-and-reliable-systems/","third_party","Editorially reviewed technical book; no formal academic peer review identified","Large-scale software and infrastructure organizations","[{""source_url"":""https://google.github.io/building-secure-and-reliable-systems/"",""accessed_at"":""2026-08-15"",""retrieval_method"":""Complete exact edition retrieved from an official public source and reviewed in full"",""exact_locator"":""All 35 official HTML files; chapter/section anchors"",""content_hash"":""6bf5050c08be0bced81767ac14bd9b3303e34b3efb667806b3c9e9d6b0ed8cf1"",""batch_id"":""BATCH-2026-003"",""prompt_id"":""OEII-BOOK-DEEP-ANALYSIS"",""prompt_version"":""2.0"",""notes"":""Manifest hash ae702b4e64364217f179317b4a46de6a5e7c51045a79efa67522245d76667e16; no direct quotations stored""}]","published","2020-04-08","O’Reilly Media, Inc.","null","null","null","null","2026-08-16T23:17:22Z","Murray Newlands","[{""changed_at"":""2026-08-16T23:17:22Z"",""changed_by"":""Murray Newlands"",""summary"":""Approved for the governed-identities pilot release under the exact scope, exclusions, rights treatment, and limitations recorded in issue #18."",""batch_id"":""BATCH-2026-003""}]","link_and_paraphrase","{""chapters"":22,""content_files"":35}","null","complete_edition_deep_analysis","source-BATCH-2026-003-002","{""authority"":""Primary practitioner source from named Google and industry contributors"",""completeness"":""Complete exact edition"",""independence"":""Moderate to low; many examples concern the authors' employer"",""reproducibility"":""High; stable official chapter and section URLs""}","book","[]","Google","Practitioner guidance, technical examples, incident narratives, and case studies","[]","[""topic-ai-agents"",""topic-ai-governance"",""topic-cybersecurity"",""topic-non-human-identity"",""topic-enterprise-infrastructure""]","null","null","null","null","null","null","machine_verified_human_approved","published"
"2026-08-15","[]","Official NIST publication page and its analytical abstract reviewed; no full report file was exposed by the canonical page.","null","[""person-BATCH-2026-005-jared-riggs"",""person-BATCH-2026-005-maia-hamin"",""person-BATCH-2026-005-neil-perry"",""person-BATCH-2026-005-benjamin-edelman"",""person-BATCH-2026-005-peter-cihon""]","verified","Summary Analysis of Responses to the Request for Information Regarding Security Considerations for AI Agents","https://www.nist.gov/publications/summary-analysis-responses-request-information-regarding-security-considerations-ai","null","[]","32c07aeeb8f49694dd407080eab757c905dc4395871b52edd46a113208064a03","[]","{""fieldwork"":""not reported"",""version"":""official HTML publication page accessed 2026-08-15""}","null","null","null","null","[""role-ciso"",""role-cio"",""role-cto"",""role-general-counsel"",""role-board-director""]","[""The authors report broad agreement among commenters that agent security creates adoption barriers and requires adaptation of established cybersecurity practice.""]","U.S. government publication; separate research funding not reported","[""United States"",""global issues discussed""]","[]","[]","approved","Accepted discovery candidate candidate-BATCH-2026-001-005; contributes government report evidence or normative context to governed AI-agent identity.","NIST Center for AI Standards and Innovation","lang-en","[""No disclosed denominator, response composition, or qualitative coding method on the accessible page."",""RFI respondents are self-selected and cannot be treated as a representative population.""]","machine_checked","{""design"":""qualitative synthesis of responses to a U.S. government request for information"",""transparency"":""low_for_accessible_version"",""human_review_required"":true}","[]","null","null","https://www.nist.gov/publications/summary-analysis-responses-request-information-regarding-security-considerations-ai","third_party","not applicable; government report","organizations and individuals responding to the CAISI RFI; composition not reported","[{""source_url"":""https://www.nist.gov/publications/summary-analysis-responses-request-information-regarding-security-considerations-ai"",""accessed_at"":""2026-08-15"",""retrieval_method"":""official source retrieval and machine-assisted review"",""exact_locator"":""official HTML publication page accessed 2026-08-15"",""content_hash"":""32c07aeeb8f49694dd407080eab757c905dc4395871b52edd46a113208064a03"",""batch_id"":""BATCH-2026-005"",""prompt_id"":""OEII-EVIDENCE-RESEARCH"",""prompt_version"":""2.0"",""notes"":""Human review pending.""}]","published","2026-05-18","National Institute of Standards and Technology","null","none_identified; Executive AI Research snapshot contains no matching production records","original_or_authoritative_rendition","none_identified_on_canonical_page_as_of_2026-08-15","2026-08-16T23:17:22Z","Murray Newlands","[{""changed_at"":""2026-08-16T23:17:22Z"",""changed_by"":""Murray Newlands"",""summary"":""Approved for the governed-identities pilot release under the exact scope, exclusions, rights treatment, and limitations recorded in issue #18."",""batch_id"":""BATCH-2026-005""}]","link_and_paraphrase","{""size"":""not reported on the canonical publication page"",""sampling_method"":""self-selected RFI respondents; response recruitment and inclusion process not reported on the canonical page""}","NIST AI 800-5","deeply_analyzed","source-BATCH-2026-005-001","{""attribution_strength"":""high"",""methodological_transparency"":""low_for_accessible_version"",""independence"":""government_publisher"",""bibliographic_stability"":""high"",""evidence_strength"":""moderate_for_describing_commenter_themes_not_population_prevalence"",""unresolved"":""Full report body and response-level method were not available from the canonical page.""}","research_report","[]","National Institute of Standards and Technology","qualitative synthesis of responses to a U.S. government request for information","[""United States"",""global issues discussed""]","[""topic-ai-agents"",""topic-ai-governance"",""topic-cybersecurity"",""topic-non-human-identity""]","null","null","null","null","null","null","metadata_content_and_version_machine_verified_human_approved","published"
"2026-08-15","[]","Complete official 64-page PDF reviewed; governance action tables and Appendix A limitation text visually inspected.","null","[]","verified","Artificial Intelligence Risk Management Framework: Generative Artificial Intelligence Profile","https://www.nist.gov/publications/artificial-intelligence-risk-management-framework-generative-artificial-intelligence","null","[]","6e73620ab6b64e90ef2c04bf0e0d6246185a2f4b1b13cab0df494496cff89b6a","[]","{""fieldwork"":""not reported"",""version"":""July 2024; Editorial Review Board approval 2024-07-25; retrieved PDF SHA-256 recorded""}","10.6028/NIST.AI.600-1","null","null","null","[""role-ciso"",""role-cio"",""role-cto"",""role-general-counsel"",""role-board-director""]","[""The profile organizes suggested actions across governance, mapping, measurement, and management functions."",""It explicitly warns that pre-deployment tests and benchmark results may not generalize to real-world contexts.""]","U.S. Department of Commerce/NIST publication; separate research funding not reported","[""United States"",""cross-sectoral global applicability""]","[]","[]","approved","Accepted discovery candidate candidate-BATCH-2026-001-007; contributes government standards profile evidence or normative context to governed AI-agent identity.","National Institute of Standards and Technology","lang-en","[""No quantitative sample or outcome evaluation."",""Public-input synthesis method and denominator are not disclosed.""]","machine_checked","{""design"":""non-empirical cross-sectoral risk-management profile informed by multistakeholder public working-group feedback and public comments"",""transparency"":""moderate_for_consensus_process"",""human_review_required"":true}","[]","null","null","https://www.nist.gov/publications/artificial-intelligence-risk-management-framework-generative-artificial-intelligence","third_party","NIST Editorial Review Board; not a peer-reviewed academic study","organizations designing, developing, deploying, or using generative AI","[{""source_url"":""https://nvlpubs.nist.gov/nistpubs/ai/NIST.AI.600-1.pdf"",""accessed_at"":""2026-08-15"",""retrieval_method"":""official source retrieval and machine-assisted review"",""exact_locator"":""July 2024; Editorial Review Board approval 2024-07-25; retrieved PDF SHA-256 recorded"",""content_hash"":""6e73620ab6b64e90ef2c04bf0e0d6246185a2f4b1b13cab0df494496cff89b6a"",""batch_id"":""BATCH-2026-005"",""prompt_id"":""OEII-EVIDENCE-RESEARCH"",""prompt_version"":""2.0"",""notes"":""Human review pending.""}]","published","null","National Institute of Standards and Technology","null","none_identified; Executive AI Research snapshot contains no matching production records","original_or_authoritative_rendition","none_identified_in_pdf_or_official_doi_resolution_as_of_2026-08-15","2026-08-16T23:17:22Z","Murray Newlands","[{""changed_at"":""2026-08-16T23:17:22Z"",""changed_by"":""Murray Newlands"",""summary"":""Approved for the governed-identities pilot release under the exact scope, exclusions, rights treatment, and limitations recorded in issue #18."",""batch_id"":""BATCH-2026-005""}]","link_and_paraphrase","{""size"":""not applicable for a normative profile; contributor and commenter counts not reported"",""sampling_method"":""open multistakeholder process; selection details not reported""}","NIST AI 600-1","deeply_analyzed","source-BATCH-2026-005-002","{""attribution_strength"":""high"",""methodological_transparency"":""moderate_for_consensus_process"",""independence"":""government_publisher"",""bibliographic_stability"":""high_doi_resolved"",""evidence_strength"":""strong_normative_reference_not_empirical_outcome_evidence"",""unresolved"":""PDF metadata shows a 2025 modification date without a visible new edition statement.""}","public_policy_document","[]","National Institute of Standards and Technology","non-empirical cross-sectoral risk-management profile informed by multistakeholder public working-group feedback and public comments","[""United States"",""cross-sectoral global applicability""]","[""topic-ai-agents"",""topic-ai-governance"",""topic-cybersecurity"",""topic-non-human-identity""]","null","null","null","null","null","null","metadata_content_and_version_machine_verified_human_approved","published"
"2026-08-15","[]","Complete official IETF HTML rendition reviewed with stable section and paragraph locators.","null","[""person-BATCH-2026-005-pieter-kasselman"",""person-BATCH-2026-005-jeff-lombardo"",""person-BATCH-2026-005-yaron-rosomakho"",""person-BATCH-2026-005-brian-campbell"",""person-BATCH-2026-005-nick-steele"",""person-BATCH-2026-005-aaron-parecki""]","verified","AI Agent Authentication and Authorization","https://www.ietf.org/archive/id/draft-klrc-aiagent-auth-02.html","null","[]","e34f335c56546a6d91d88d43159c9f80d4dcfbbad020d41c31607fc56848befa","[]","{""fieldwork"":""not applicable"",""version"":""revision 02; expires 2026-12-03""}","null","null","null","null","[""role-ciso"",""role-cio"",""role-cto"",""role-general-counsel"",""role-board-director""]","[""The draft models an agent as a workload that requires a stable identifier and cryptographically bound credentials."",""It proposes preserving user or system delegation context in authorization decisions and audit trails.""]","not reported","[""global standards context""]","[]","[]","approved","Accepted discovery candidate candidate-BATCH-2026-001-009; contributes standards document; Internet-Draft evidence or normative context to governed AI-agent identity.","IETF Internet-Draft authors","lang-en","[""Revision 02 is an expiring work in progress."",""No interoperability tests or deployment outcomes are reported.""]","machine_checked","{""design"":""non-empirical technical standards proposal"",""transparency"":""not_applicable_non_empirical"",""human_review_required"":true}","[]","null","null","https://www.ietf.org/archive/id/draft-klrc-aiagent-auth-02.html","third_party","working document; not an RFC and not peer reviewed","AI-agent workloads and the tools, services, models, systems, and users that interact with them","[{""source_url"":""https://www.ietf.org/archive/id/draft-klrc-aiagent-auth-02.html"",""accessed_at"":""2026-08-15"",""retrieval_method"":""official source retrieval and machine-assisted review"",""exact_locator"":""revision 02; expires 2026-12-03"",""content_hash"":""e34f335c56546a6d91d88d43159c9f80d4dcfbbad020d41c31607fc56848befa"",""batch_id"":""BATCH-2026-005"",""prompt_id"":""OEII-EVIDENCE-RESEARCH"",""prompt_version"":""2.0"",""notes"":""Human review pending.""}]","published","2026-06-01","Internet Engineering Task Force","null","none_identified; Executive AI Research snapshot contains no matching production records","original_or_authoritative_rendition","active_work_in_progress_not_retracted_as_of_2026-08-15","2026-08-16T23:17:22Z","Murray Newlands","[{""changed_at"":""2026-08-16T23:17:22Z"",""changed_by"":""Murray Newlands"",""summary"":""Approved for the governed-identities pilot release under the exact scope, exclusions, rights treatment, and limitations recorded in issue #18."",""batch_id"":""BATCH-2026-005""}]","link_and_paraphrase","{""size"":""not applicable"",""sampling_method"":""not applicable""}","draft-klrc-aiagent-auth-02","deeply_analyzed","source-BATCH-2026-005-003","{""attribution_strength"":""high"",""methodological_transparency"":""not_applicable_non_empirical"",""independence"":""multi_vendor_author_group"",""bibliographic_stability"":""medium_due_to_expiring_draft"",""evidence_strength"":""strong_for_current_proposal_weak_for_interoperability_outcomes"",""unresolved"":""Future revisions may change normative language or identifier choices.""}","working_paper","[]","not reported","non-empirical technical standards proposal","[""global standards context""]","[""topic-ai-agents"",""topic-ai-governance"",""topic-cybersecurity"",""topic-non-human-identity""]","null","null","null","null","null","null","metadata_content_and_version_machine_verified_human_approved","published"
"2026-08-15","[]","Complete official 33-page PDF reviewed; identity, delegation, auditability, and use-case sections inspected visually.","null","[""person-BATCH-2026-005-tobin-south"",""person-BATCH-2026-005-subramanya-nagabhushanaradhya"",""person-BATCH-2026-005-ayesha-dissanayaka"",""person-BATCH-2026-005-sarah-cecchetti"",""person-BATCH-2026-005-george-fletcher"",""person-BATCH-2026-005-victor-lu"",""person-BATCH-2026-005-aldo-pietropaolo"",""person-BATCH-2026-005-dean-h-saxe"",""person-BATCH-2026-005-jeff-lombardo"",""person-BATCH-2026-005-abhishek-shivalingaiah"",""person-BATCH-2026-005-stan-bounev"",""person-BATCH-2026-005-alex-keisner"",""person-BATCH-2026-005-andor-kesselman"",""person-BATCH-2026-005-zack-proser"",""person-BATCH-2026-005-ginny-fahs"",""person-BATCH-2026-005-andrew-bunyea"",""person-BATCH-2026-005-ben-moskowitz"",""person-BATCH-2026-005-atul-tulshibagwale"",""person-BATCH-2026-005-dazza-greenwood"",""person-BATCH-2026-005-jiaxin-pei"",""person-BATCH-2026-005-alex-pentland""]","verified","Identity Management for Agentic AI","https://openid.net/wp-content/uploads/2025/10/Identity-Management-for-Agentic-AI.pdf","null","[]","e6a0e5909fcb2486568180f69d511ae2af8d20a1bfb3028b39b3d1072846f4f3","[]","{""fieldwork"":""not applicable"",""version"":""October 2025""}","null","null","null","null","[""role-ciso"",""role-cio"",""role-cto"",""role-general-counsel"",""role-board-director""]","[""The authors argue that current mechanisms are strongest for synchronous, single-trust-domain patterns and weaker for cross-domain or recursive delegation."",""The paper distinguishes agent identity from user identity and calls for lifecycle management and enriched audit trails.""]","not reported","[""global technology standards context""]","[]","[]","approved","Accepted discovery candidate candidate-BATCH-2026-001-027; contributes nonprofit/company white paper evidence or normative context to governed AI-agent identity.","OpenID Foundation","lang-en","[""No implementation benchmark or comparative test."",""Formal source-selection, funding, conflicts, and review process are not reported.""]","machine_checked","{""design"":""non-empirical technical white paper and standards synthesis"",""transparency"":""appropriate_for_white_paper_but_source_selection_not_reported"",""human_review_required"":true}","[]","null","null","https://openid.net/wp-content/uploads/2025/10/Identity-Management-for-Agentic-AI.pdf","third_party","not reported; not treated as peer reviewed","AI-agent systems interacting with protected resources and other agents","[{""source_url"":""https://openid.net/wp-content/uploads/2025/10/Identity-Management-for-Agentic-AI.pdf"",""accessed_at"":""2026-08-15"",""retrieval_method"":""official source retrieval and machine-assisted review"",""exact_locator"":""October 2025"",""content_hash"":""e6a0e5909fcb2486568180f69d511ae2af8d20a1bfb3028b39b3d1072846f4f3"",""batch_id"":""BATCH-2026-005"",""prompt_id"":""OEII-EVIDENCE-RESEARCH"",""prompt_version"":""2.0"",""notes"":""Human review pending.""}]","published","null","OpenID Foundation","null","none_identified; Executive AI Research snapshot contains no matching production records","original_or_authoritative_rendition","none_identified_on_official_pdf_or_publisher_url_as_of_2026-08-15","2026-08-16T23:17:22Z","Murray Newlands","[{""changed_at"":""2026-08-16T23:17:22Z"",""changed_by"":""Murray Newlands"",""summary"":""Approved for the governed-identities pilot release under the exact scope, exclusions, rights treatment, and limitations recorded in issue #18."",""batch_id"":""BATCH-2026-005""}]","link_and_paraphrase","{""size"":""not applicable"",""sampling_method"":""not applicable""}","official OpenID Foundation PDF","deeply_analyzed","source-BATCH-2026-005-004","{""attribution_strength"":""high"",""methodological_transparency"":""appropriate_for_white_paper_but_source_selection_not_reported"",""independence"":""standards_community_publisher"",""bibliographic_stability"":""high_official_pdf"",""evidence_strength"":""moderate_normative_synthesis_not_empirical"",""unresolved"":""Substantially the same intellectual work appears as arXiv:2510.25819v1.""}","research_report","[]","OpenID Foundation publisher; separate sponsorship not reported","non-empirical technical white paper and standards synthesis","[""global technology standards context""]","[""topic-ai-agents"",""topic-ai-governance"",""topic-cybersecurity"",""topic-non-human-identity""]","null","null","null","null","null","null","metadata_content_and_version_machine_verified_human_approved","published"
"2026-08-15","[]","Complete 26-page v3 conference paper reviewed; benchmark composition, figures, Tables 1 and 3-5, confidence intervals, limitations, and funding inspected visually.","null","[""person-BATCH-2026-005-edoardo-debenedetti"",""person-BATCH-2026-005-jie-zhang"",""person-BATCH-2026-005-mislav-balunovic"",""person-BATCH-2026-005-luca-beurer-kellner"",""person-BATCH-2026-005-marc-fischer"",""person-BATCH-2026-005-florian-tramer""]","verified","AgentDojo: A Dynamic Environment to Evaluate Prompt Injection Attacks and Defenses for LLM Agents","https://arxiv.org/abs/2406.13352","null","[]","349884fffbf43282591c5accffd57bb651632f38e412fe303114941bdd111b05","[""correction-BATCH-2026-005-001""]","{""fieldwork"":""not reported; v3 results reflect the paper's 2024 model/API versions"",""version"":""v3; updated after a Llama implementation bug fix and travel-suite update""}","10.48550/arXiv.2406.13352","null","null","null","[""role-ciso"",""role-cio"",""role-cto"",""role-general-counsel"",""role-board-director""]","[""The benchmark exposes substantial utility and security tradeoffs."",""Table 5 reports targeted attack success of 57.69% with no defense and 6.84% with tool filtering for the listed GPT-4o setup, with reported intervals.""]","Edoardo Debenedetti supported by armasuisse Science and Technology; Jie Zhang funded by Swiss National Science Foundation grant 214838; benchmark funding statement says no institution explicitly funded benchmark creation","[""synthetic environments; no human geography""]","[]","[]","approved","Accepted discovery candidate candidate-BATCH-2026-001-050; contributes peer-reviewed conference paper evidence or normative context to governed AI-agent identity.","null","lang-en","[""Synthetic environments and versioned APIs limit external validity."",""Raw numerators and interval-construction method are not reported in the reviewed table."",""v3 replaced earlier results after a bug fix and travel-suite update.""]","machine_checked","{""design"":""controlled benchmark experiments in stateful synthetic tool environments"",""transparency"":""high"",""human_review_required"":true}","[]","null","null","https://arxiv.org/abs/2406.13352","third_party","verified conference publication in official NeurIPS 2024 proceedings","LLM agents executing tools over simulated workspace, Slack, travel, and banking environments","[{""source_url"":""https://arxiv.org/abs/2406.13352"",""accessed_at"":""2026-08-15"",""retrieval_method"":""official source retrieval and machine-assisted review"",""exact_locator"":""v3; updated after a Llama implementation bug fix and travel-suite update"",""content_hash"":""349884fffbf43282591c5accffd57bb651632f38e412fe303114941bdd111b05"",""batch_id"":""BATCH-2026-005"",""prompt_id"":""OEII-EVIDENCE-RESEARCH"",""prompt_version"":""2.0"",""notes"":""Human review pending.""}]","published","2024-06-19","NeurIPS 2024 Datasets and Benchmarks Track","null","none_identified; Executive AI Research snapshot contains no matching production records","original_or_authoritative_rendition","no_retraction_identified;_v3_documents_bug_fix_update","2026-08-16T23:17:22Z","Murray Newlands","[{""changed_at"":""2026-08-16T23:17:22Z"",""changed_by"":""Murray Newlands"",""summary"":""Approved for the governed-identities pilot release under the exact scope, exclusions, rights treatment, and limitations recorded in issue #18."",""batch_id"":""BATCH-2026-005""}]","link_and_paraphrase","{""size"":""97 user tasks; 27 injection tasks; 629 security test cases; seven listed agent/model configurations in Table 3"",""sampling_method"":""researcher-curated realistic tasks and synthetic data; compatible task cross-product""}","arXiv:2406.13352v3; NeurIPS 2024 proceedings record","deeply_analyzed","source-BATCH-2026-005-006","{""attribution_strength"":""high"",""methodological_transparency"":""high"",""independence"":""academic_with_disclosed_industry_affiliations"",""bibliographic_stability"":""high_arxiv_and_neurips_records"",""evidence_strength"":""strong_for_benchmark_conditions_not_real_world_incidence"",""unresolved"":""Confidence-interval construction and raw row numerators are not stated in the reviewed tables.""}","academic_paper","[]","no benchmark sponsor reported","controlled benchmark experiments in stateful synthetic tool environments","[""synthetic environments; no human geography""]","[""topic-ai-agents"",""topic-ai-governance"",""topic-cybersecurity"",""topic-non-human-identity""]","null","null","null","null","null","2024-11-24","metadata_content_and_version_machine_verified_human_approved","published"
"2026-08-15","[]","Complete 36-page v4 paper reviewed; attack/defense definitions, scenario tables, metric table, result tables, and reproducibility appendix inspected visually.","null","[""person-BATCH-2026-005-hanrong-zhang"",""person-BATCH-2026-005-jingyuan-huang"",""person-BATCH-2026-005-kai-mei"",""person-BATCH-2026-005-yifei-yao"",""person-BATCH-2026-005-zhenting-wang"",""person-BATCH-2026-005-chenlu-zhan"",""person-BATCH-2026-005-hongwei-wang"",""person-BATCH-2026-005-yongfeng-zhang""]","verified","Agent Security Bench (ASB): Formalizing and Benchmarking Attacks and Defenses in LLM-based Agents","https://arxiv.org/abs/2410.02644","null","[]","e20155df01b3a1f6c0a947c4e9e4871957cff2e507939f7ea21a5fe967d84504","[]","{""fieldwork"":""not reported; model versions correspond to experiments before v4 dated 2025-05-30"",""version"":""v4; paper and arXiv page state accepted at ICLR 2025""}","10.48550/arXiv.2410.02644","null","null","null","[""role-ciso"",""role-cio"",""role-cto"",""role-general-counsel"",""role-board-director""]","[""The authors report a highest average attack success rate of 84.30% for a benchmark configuration."",""Current defenses vary and often trade security against task performance.""]","not reported","[""synthetic benchmark; no human geography""]","[]","[]","approved","Accepted discovery candidate candidate-BATCH-2026-001-054; contributes conference paper; acceptance marker verified in version, venue record not independently retrieved evidence or normative context to governed AI-agent identity.","null","lang-en","[""No production population or human sample."",""The headline average does not disclose a raw numerator or confidence interval."",""Funding and conflicts are not reported.""]","machine_checked","{""design"":""multi-scenario controlled security benchmark"",""transparency"":""high_for_benchmark_structure"",""human_review_required"":true}","[]","null","null","https://arxiv.org/abs/2410.02644","third_party","conference acceptance reported in the paper and arXiv metadata; independent OpenReview record retrieval returned access denied, so peer-review verification remains qualified","LLM-agent configurations under synthetic attacks and defenses","[{""source_url"":""https://arxiv.org/abs/2410.02644"",""accessed_at"":""2026-08-15"",""retrieval_method"":""official source retrieval and machine-assisted review"",""exact_locator"":""v4; paper and arXiv page state accepted at ICLR 2025"",""content_hash"":""e20155df01b3a1f6c0a947c4e9e4871957cff2e507939f7ea21a5fe967d84504"",""batch_id"":""BATCH-2026-005"",""prompt_id"":""OEII-EVIDENCE-RESEARCH"",""prompt_version"":""2.0"",""notes"":""Human review pending.""}]","published","2024-10-03","ICLR 2025 / arXiv","null","none_identified; Executive AI Research snapshot contains no matching production records","original_or_authoritative_rendition","none_identified_on_arxiv_version_history_as_of_2026-08-15","2026-08-16T23:17:22Z","Murray Newlands","[{""changed_at"":""2026-08-16T23:17:22Z"",""changed_by"":""Murray Newlands"",""summary"":""Approved for the governed-identities pilot release under the exact scope, exclusions, rights treatment, and limitations recorded in issue #18."",""batch_id"":""BATCH-2026-005""}]","link_and_paraphrase","{""size"":""400 tasks; 10 scenarios; 10 agents; more than 400 tools; 27 attack/defense methods; 13 LLM backbones"",""sampling_method"":""researcher-constructed scenarios, tasks, tools, and attacks; selection procedure not probabilistic""}","arXiv:2410.02644v4","deeply_analyzed","source-BATCH-2026-005-007","{""attribution_strength"":""high"",""methodological_transparency"":""high_for_benchmark_structure"",""independence"":""academic"",""bibliographic_stability"":""high_arxiv_doi_resolved"",""evidence_strength"":""moderate_to_strong_for_benchmark_conditions"",""unresolved"":""Venue acceptance is author/arXiv-reported; OpenReview verification was unavailable in this run. Headline average lacks uncertainty and a compact denominator statement.""}","academic_paper","[]","not reported","multi-scenario controlled security benchmark","[""synthetic benchmark; no human geography""]","[""topic-ai-agents"",""topic-ai-governance"",""topic-cybersecurity"",""topic-non-human-identity""]","null","null","null","null","null","2025-05-30","metadata_content_and_version_machine_verified_human_approved","published"
"2026-08-15","[]","Complete 10-page v2 preprint reviewed; Tables 1-2, Figures 2-3, methods, results, and limitation text inspected visually.","null","[""person-BATCH-2026-005-yuxuan-zhu"",""person-BATCH-2026-005-antony-kellermann"",""person-BATCH-2026-005-akul-gupta"",""person-BATCH-2026-005-philip-li"",""person-BATCH-2026-005-richard-fang"",""person-BATCH-2026-005-rohan-bindu"",""person-BATCH-2026-005-daniel-kang""]","verified","Teams of LLM Agents can Exploit Zero-Day Vulnerabilities","https://arxiv.org/abs/2406.01637","null","[]","f4fc06040f0856d99d2009042b4c6fa0c01206da8ca61cb39a94d52b9867cf71","[]","{""fieldwork"":""not reported"",""version"":""v2 submitted 2025-03-30""}","10.48550/arXiv.2406.01637","null","null","null","[""role-ciso"",""role-cio"",""role-cto"",""role-general-counsel"",""role-board-director""]","[""The authors report 42% pass@5 and 18% pass@1 for HPTSA with GPT-4 on the 14-vulnerability benchmark."",""Open-source scanners and listed open-source models report 0% on this benchmark.""]","not reported","[""synthetic sandbox; no human geography""]","[]","[]","approved","Accepted discovery candidate candidate-BATCH-2026-001-058; contributes preprint evidence or normative context to governed AI-agent identity.","null","lang-en","[""Only 14 selected web vulnerabilities."",""No confidence intervals."",""Code and prompts are withheld, limiting replication."",""Results are capability demonstrations, not estimates of incident prevalence.""]","machine_checked","{""design"":""controlled cybersecurity benchmark experiment in sandboxed reproductions"",""transparency"":""moderate"",""human_review_required"":true}","[]","null","null","https://arxiv.org/abs/2406.01637","third_party","not peer reviewed; preprint","reproducible open-source web vulnerabilities; not all vulnerabilities or deployed systems","[{""source_url"":""https://arxiv.org/abs/2406.01637"",""accessed_at"":""2026-08-15"",""retrieval_method"":""official source retrieval and machine-assisted review"",""exact_locator"":""v2 submitted 2025-03-30"",""content_hash"":""f4fc06040f0856d99d2009042b4c6fa0c01206da8ca61cb39a94d52b9867cf71"",""batch_id"":""BATCH-2026-005"",""prompt_id"":""OEII-EVIDENCE-RESEARCH"",""prompt_version"":""2.0"",""notes"":""Human review pending.""}]","published","2024-06-02","arXiv","null","none_identified; Executive AI Research snapshot contains no matching production records","original_or_authoritative_rendition","none_identified_on_arxiv_version_history_as_of_2026-08-15","2026-08-16T23:17:22Z","Murray Newlands","[{""changed_at"":""2026-08-16T23:17:22Z"",""changed_by"":""Murray Newlands"",""summary"":""Approved for the governed-identities pilot release under the exact scope, exclusions, rights treatment, and limitations recorded in issue #18."",""batch_id"":""BATCH-2026-005""}]","link_and_paraphrase","{""size"":""14 vulnerabilities; pass@1 and pass@5 trials; exact total run count not summarized"",""sampling_method"":""purposive selection of recent, reproducible web vulnerabilities with clear success triggers and manual exploitability""}","arXiv:2406.01637v2","deeply_analyzed","source-BATCH-2026-005-008","{""attribution_strength"":""high"",""methodological_transparency"":""moderate"",""independence"":""academic_with_platform_coordination_disclosed"",""bibliographic_stability"":""high_arxiv_doi_resolved"",""evidence_strength"":""moderate_for_selected_sandbox_cases"",""unresolved"":""Nonrelease of code/prompts limits replication; funding and conflict disclosures are absent.""}","academic_paper","[]","not reported; authors state OpenAI requested code and prompts remain confidential","controlled cybersecurity benchmark experiment in sandboxed reproductions","[""synthetic sandbox; no human geography""]","[""topic-ai-agents"",""topic-ai-governance"",""topic-cybersecurity"",""topic-non-human-identity""]","null","null","null","null","null","2025-03-30","metadata_content_and_version_machine_verified_human_approved","published"
"2026-08-15","[]","Complete official 23-page PDF reviewed; definition, accountability, monitoring, attribution, interruptibility, indirect impacts, and acknowledgements inspected visually.","null","[""person-BATCH-2026-005-yonadav-shavit"",""person-BATCH-2026-005-sandhini-agarwal"",""person-BATCH-2026-005-miles-brundage"",""person-BATCH-2026-005-steven-adler"",""person-BATCH-2026-005-cullen-o-keefe"",""person-BATCH-2026-005-rosie-campbell"",""person-BATCH-2026-005-teddy-lee"",""person-BATCH-2026-005-pamela-mishkin"",""person-BATCH-2026-005-tyna-eloundou"",""person-BATCH-2026-005-alan-hickey"",""person-BATCH-2026-005-katarina-slama"",""person-BATCH-2026-005-lama-ahmad"",""person-BATCH-2026-005-paul-mcmillan"",""person-BATCH-2026-005-alex-beutel"",""person-BATCH-2026-005-alexandre-passos"",""person-BATCH-2026-005-david-g-robinson""]","verified","Practices for Governing Agentic AI Systems","https://cdn.openai.com/papers/practices-for-governing-agentic-ai-systems.pdf","null","[]","22b3a8607ed781a848b82b0bfe8e638b16cd027aac90a19b2aecf236063d0e7c","[]","{""fieldwork"":""not applicable"",""version"":""2023; PDF metadata created 2023-12-18""}","null","null","null","null","[""role-ciso"",""role-cio"",""role-cto"",""role-general-counsel"",""role-board-director""]","[""The authors propose evaluation, action-space constraints, default behaviors, legibility, monitoring, attributability, and interruptibility as building blocks."",""They argue that at least one human legal entity should remain accountable for uncompensated direct harm.""]","not reported","[""global policy context""]","[]","[]","approved","Accepted discovery candidate candidate-BATCH-2026-001-085; contributes company white paper and policy analysis evidence or normative context to governed AI-agent identity.","null","lang-en","[""No empirical outcome evaluation."",""Company-published and funding/conflicts are not reported."",""Many recommendations are explicitly preliminary.""]","machine_checked","{""design"":""non-empirical company white paper and policy analysis"",""transparency"":""appropriate_for_policy_analysis"",""human_review_required"":true}","[]","null","null","https://cdn.openai.com/papers/practices-for-governing-agentic-ai-systems.pdf","third_party","not reported; not treated as peer reviewed","model developers, system deployers, users, and third parties in agentic-system lifecycles","[{""source_url"":""https://cdn.openai.com/papers/practices-for-governing-agentic-ai-systems.pdf"",""accessed_at"":""2026-08-15"",""retrieval_method"":""official source retrieval and machine-assisted review"",""exact_locator"":""2023; PDF metadata created 2023-12-18"",""content_hash"":""22b3a8607ed781a848b82b0bfe8e638b16cd027aac90a19b2aecf236063d0e7c"",""batch_id"":""BATCH-2026-005"",""prompt_id"":""OEII-EVIDENCE-RESEARCH"",""prompt_version"":""2.0"",""notes"":""Human review pending.""}]","published","null","OpenAI","null","none_identified; Executive AI Research snapshot contains no matching production records","original_or_authoritative_rendition","none_identified_on_official_pdf_url_as_of_2026-08-15","2026-08-16T23:17:22Z","Murray Newlands","[{""changed_at"":""2026-08-16T23:17:22Z"",""changed_by"":""Murray Newlands"",""summary"":""Approved for the governed-identities pilot release under the exact scope, exclusions, rights treatment, and limitations recorded in issue #18."",""batch_id"":""BATCH-2026-005""}]","link_and_paraphrase","{""size"":""not applicable"",""sampling_method"":""not applicable""}","official OpenAI PDF","deeply_analyzed","source-BATCH-2026-005-009","{""attribution_strength"":""high"",""methodological_transparency"":""appropriate_for_policy_analysis"",""independence"":""company_published"",""bibliographic_stability"":""high_official_pdf"",""evidence_strength"":""moderate_normative_policy_analysis_not_empirical"",""unresolved"":""Publication day, funding, affiliations, conflicts, and external review status are not reported in the PDF.""}","research_report","[]","OpenAI publisher; separate sponsor involvement not reported","non-empirical company white paper and policy analysis","[""global policy context""]","[""topic-ai-agents"",""topic-ai-governance"",""topic-cybersecurity"",""topic-non-human-identity""]","null","null","null","null","null","null","metadata_content_and_version_machine_verified_human_approved","published"
"2026-08-15","[""Identity at the Center #390: Identity Management for Agentic AI with Tobin South""]","Complete original audio reviewed with official chapter markers, platform metadata, an unofficial transcript preview, and a locally generated timestamped research transcript; statements were checked against the audio dialogue and attributed only where the guest response was clear.","null","[]","verified_original_episode_across_rss_apple_spotify_and_openid_media_index","#390 - Identity Management for Agentic AI with Tobin South","https://podcasts.apple.com/us/podcast/390-identity-management-for-agentic-ai-with-tobin-south/id1471899975?i=1000740200992","Identity at the Center","[{""chapter_id"":""chapter-idac390-01"",""start"":0,""end"":355},{""chapter_id"":""chapter-idac390-02"",""start"":355,""end"":420},{""chapter_id"":""chapter-idac390-03"",""start"":420,""end"":540},{""chapter_id"":""chapter-idac390-04"",""start"":540,""end"":630},{""chapter_id"":""chapter-idac390-05"",""start"":630,""end"":720},{""chapter_id"":""chapter-idac390-06"",""start"":720,""end"":840},{""chapter_id"":""chapter-idac390-07"",""start"":840,""end"":1020},{""chapter_id"":""chapter-idac390-08"",""start"":1020,""end"":1200},{""chapter_id"":""chapter-idac390-09"",""start"":1200,""end"":1380},{""chapter_id"":""chapter-idac390-10"",""start"":1380,""end"":1560},{""chapter_id"":""chapter-idac390-11"",""start"":1560,""end"":1800},{""chapter_id"":""chapter-idac390-12"",""start"":1800,""end"":1920},{""chapter_id"":""chapter-idac390-13"",""start"":1920,""end"":2160},{""chapter_id"":""chapter-idac390-14"",""start"":2160,""end"":2280},{""chapter_id"":""chapter-idac390-15"",""start"":2280,""end"":2520},{""chapter_id"":""chapter-idac390-16"",""start"":2520,""end"":2760},{""chapter_id"":""chapter-idac390-17"",""start"":2760,""end"":2880},{""chapter_id"":""chapter-idac390-18"",""start"":2880,""end"":3240},{""chapter_id"":""chapter-idac390-19"",""start"":3240,""end"":3353}]","sha256:779b09ce66832cb86acf34c091302cc3a653f5487dd4b640bed84c16570af40d","[]","{}","null","3353","https://open.spotify.com/embed/episode/6djrGPlNiIlJZmBpcsR2KY","null","[""role-ciso"",""role-cio"",""role-cto"",""role-general-counsel"",""role-board-director""]","[]","IDAC Corp. states that the regular weekly podcast does not sell advertising or use commercial sponsorship contracts; no episode-specific funding was identified.","[""geo-global""]","[""geo-global""]","[]","approved","This is a complete, long-form interview with the lead author of the OpenID agentic-identity report and directly addresses delegation, credentials, governance, liability, MCP, and recursive authority.","null","lang-en","[""Expert perspective rather than empirical study"",""Recording date not publicly established"",""No official transcript"",""Host banter and event promotion occupy the opening and closing sections""]","ready_for_human_review","{""study_design"":""expert_interview"",""empirical_method"":""none"",""attribution_method"":""dialogue_context_and_audio_verification""}","[""orgref-idac"",""orgref-openid-foundation""]","Tobin South explains why AI agents strain identity systems designed for deterministic users and applications. The discussion separates impersonation from delegated authority, argues that agents need identities and credentials distinct from the people who invoke them, and connects governance to bounded scopes, traceable delegation chains, oversight, and responsibility for actions. South treats standards work as necessary infrastructure for both consumer assistants and enterprise deployments, while also describing Model Context Protocol as an interoperability layer whose security properties still depend on authentication and authorization. The episode's practical emphasis is that identity teams should prepare policies and architectures before agent adoption becomes widespread, without assuming current protocols or shared user credentials are adequate.","null","https://anchor.fm/s/c5fefcc/podcast/play/111687080/https%3A%2F%2Fd3ctxlq1ktw2nl.cloudfront.net%2Fstaging%2F2025-10-25%2F01f889a3-6ebf-b82d-8d03-61c6114f10df.mp3","third_party","not_applicable","null","[{""source_url"":""https://podcasts.apple.com/us/podcast/390-identity-management-for-agentic-ai-with-tobin-south/id1471899975?i=1000740200992"",""accessed_at"":""2026-08-15"",""retrieval_method"":""official platform metadata and original RSS audio review"",""exact_locator"":""episode 390; 00:00-55:53"",""content_hash"":""sha256:779b09ce66832cb86acf34c091302cc3a653f5487dd4b640bed84c16570af40d"",""batch_id"":""BATCH-2026-004"",""prompt_id"":""OEII-MEDIA-RESEARCH"",""prompt_version"":""2.0"",""notes"":""No transcript asset is included in the repository.""}]","published","2025-12-08","IDAC Corp. / Identity at the Center","null","none","original_episode_with_listening_platform_mirrors","null","2026-08-16T23:17:22Z","Murray Newlands","[{""changed_at"":""2026-08-16T23:17:22Z"",""changed_by"":""Murray Newlands"",""summary"":""Approved for the governed-identities pilot release under the exact scope, exclusions, rights treatment, and limitations recorded in issue #18."",""batch_id"":""BATCH-2026-004""}]","link_and_paraphrase","{}","Identity at the Center, episode 390","deep","source-idac-390-agentic-ai-identity","{""primary_spoken_source"":""high"",""identity_stability"":""high"",""access_completeness"":""complete"",""independence"":""interview_not_peer_reviewed""}","podcast_episode","[""person-jeff-steadman"",""person-jim-mcdonald"",""person-BATCH-2026-005-tobin-south""]","null","expert_interview","[]","[""topic-ai-agents"",""topic-ai-governance"",""topic-cybersecurity"",""topic-non-human-identity"",""topic-ai-liability"",""topic-enterprise-infrastructure""]","not_documented_do_not_publish_full_transcript","Podscan public preview plus local machine transcription checked against the original audio","unofficial_research_aids_only","null","null","null","machine_verified_human_approved","published"
"2026-08-15","[""Securing AI Agents with Agent Identity Security Nov 2025""]","Complete official Vidyard recording and speaker-labeled English platform captions reviewed against the SailPoint community page, registration page, and player metadata. The recording itself controlled speaker inclusion where promotional metadata differed.","null","[]","verified_official_publisher_page_and_embedded_recording","Governing AI agents with Agent Identity Security","https://developer.sailpoint.com/discuss/t/governing-ai-agents-with-agent-identity-security/188944","SailPoint Developer Community","[{""chapter_id"":""chapter-sailpoint-01"",""start"":0,""end"":76},{""chapter_id"":""chapter-sailpoint-02"",""start"":76,""end"":329},{""chapter_id"":""chapter-sailpoint-03"",""start"":329,""end"":602},{""chapter_id"":""chapter-sailpoint-04"",""start"":602,""end"":1072},{""chapter_id"":""chapter-sailpoint-05"",""start"":1072,""end"":1431},{""chapter_id"":""chapter-sailpoint-06"",""start"":1431,""end"":2020},{""chapter_id"":""chapter-sailpoint-07"",""start"":2020,""end"":2091},{""chapter_id"":""chapter-sailpoint-08"",""start"":2091,""end"":2645},{""chapter_id"":""chapter-sailpoint-09"",""start"":2645,""end"":3071},{""chapter_id"":""chapter-sailpoint-10"",""start"":3071,""end"":3436}]","sha256:a254342e28dcc6b6bd1994f5366e0ea44c02899eacb3a2861a795f567a5ced7c","[]","{}","null","3436","https://play.vidyard.com/qewbsaA1gHud1Dws5LQNac.html","2025-11-20","[""role-ciso"",""role-cio"",""role-cto""]","[]","SailPoint-produced webinar","[""geo-global""]","[""geo-global""]","[]","approved","The full recording provides a concrete governance model, exact speaker attribution, a detailed demonstration, and timestamped product limitations relevant to enterprise identity teams.","SailPoint Technologies","lang-en","[""Vendor-produced product presentation"",""No independent customer outcomes"",""Capabilities and supported connectors are time-sensitive"",""Platform captions contain transcription errors"",""Promotional page speaker list differs from the actual recording""]","ready_for_human_review","{""study_design"":""vendor_practitioner_webinar_and_demo"",""empirical_method"":""none"",""attribution_method"":""speaker_labeled_platform_captions_and_self_identification""}","[""orgref-sailpoint""]","Amy Shillinglaw presents SailPoint's model for governing AI agents as identities whose behavior combines machine execution with human-like autonomy. She separates inbound authorization—who may invoke an agent—from outbound authorization—what resources the agent may use for that person—and frames inventory, tool correlation, human ownership, succession, and dual-sided certification as the control sequence. A product demonstration shows how those ideas are represented in SailPoint's platform, including user entitlements, machine-account correlation, and access reviews. The session also identifies risks such as runaway subtasks, compromised code or credentials, poisoned data, and poor explainability. Because this is a vendor webinar, the record supports product and practitioner claims, not independent performance findings.","null","https://developer.sailpoint.com/discuss/t/governing-ai-agents-with-agent-identity-security/188944","third_party","not_applicable","null","[{""source_url"":""https://developer.sailpoint.com/discuss/t/governing-ai-agents-with-agent-identity-security/188944"",""accessed_at"":""2026-08-15"",""retrieval_method"":""official publisher page, embedded recording, player metadata, and platform captions"",""exact_locator"":""Vidyard qewbsaA1gHud1Dws5LQNac; 00:00-57:15.627"",""content_hash"":""sha256:a254342e28dcc6b6bd1994f5366e0ea44c02899eacb3a2861a795f567a5ced7c"",""batch_id"":""BATCH-2026-004"",""prompt_id"":""OEII-MEDIA-RESEARCH"",""prompt_version"":""2.0"",""notes"":""Caption hash sha256:4433395b628f50446a618e6608896ae2d4fc219c940678162fa8dbe817878a5a; caption file is not included.""}]","published","2025-11-20","SailPoint Technologies","2025-11-20","none","original_publisher_embed_no_competing_canonical_upload","null","2026-08-16T23:17:22Z","Murray Newlands","[{""changed_at"":""2026-08-16T23:17:22Z"",""changed_by"":""Murray Newlands"",""summary"":""Approved for the governed-identities pilot release under the exact scope, exclusions, rights treatment, and limitations recorded in issue #18."",""batch_id"":""BATCH-2026-004""}]","link_and_paraphrase","{}","SailPoint Community Webinar / Video Library","deep","source-sailpoint-governing-ai-agents-2025","{""primary_spoken_source"":""high"",""identity_stability"":""high"",""access_completeness"":""complete"",""independence"":""vendor_produced""}","video","[""person-amy-shillinglaw""]","SailPoint Technologies","vendor_practitioner_webinar_and_demo","[]","[""topic-ai-agents"",""topic-ai-governance"",""topic-cybersecurity"",""topic-non-human-identity"",""topic-enterprise-infrastructure""]","not_documented_do_not_publish_full_captions","Vidyard English WebVTT captions embedded by SailPoint","official_platform_captions_research_only","null","null","null","machine_verified_human_approved","published"
