"candidate_id","candidate_idea","canonical_proposition","ciso_role_attributed_support","cio_role_attributed_support","cto_role_attributed_support","comparison_use"
"proposition-candidate-BATCH-2026-006-001","Agents should have stable identities distinct from the principals they represent.","no","0","0","0","excluded; candidate-only and not role-attributed"
"proposition-candidate-BATCH-2026-006-002","Delegated authority should preserve both principal and agent context.","no","0","0","0","excluded; candidate-only and not role-attributed"
"proposition-candidate-BATCH-2026-006-003","Agent permissions should be bounded by least privilege and attenuated across delegation.","no","0","0","0","excluded; candidate-only and not role-attributed"
"proposition-candidate-BATCH-2026-006-004","Agent identity governance should include provisioning, rotation, revocation, and de-provisioning.","no","0","0","0","excluded; candidate-only and not role-attributed"
"proposition-candidate-BATCH-2026-006-005","Auditability depends on traceable identity and authorization context.","no","0","0","0","excluded; candidate-only and not role-attributed"
"proposition-candidate-BATCH-2026-006-006","Agent systems need layered evaluation, authorization controls, and monitoring.","no","0","0","0","excluded; candidate-only and not role-attributed"
"proposition-candidate-BATCH-2026-006-007","Users and deployers need reliable mechanisms to interrupt agents and their subagents.","no","0","0","0","excluded; candidate-only and not role-attributed"
"proposition-candidate-BATCH-2026-006-008","Synthetic security benchmarks demonstrate capabilities but do not estimate production prevalence.","no","0","0","0","excluded; candidate-only and not role-attributed"
"proposition-candidate-BATCH-2026-006-009","Multi-agent coordination can increase cybersecurity capability and associated governance risk.","no","0","0","0","excluded; candidate-only and not role-attributed"
