"book_work_id","accepted_candidate_id","title","decision","analysis_basis","analysis_depth","edition_count","human_review_status","next_action"
"book-work-BATCH-2026-002-001","candidate-BATCH-2026-001-095","Solving the Bottom Turtle","deep_analysis_ready","full_text_lawfully_accessed","catalogued","1","pending","Schedule exact-edition deep-analysis batch with locator capture."
"book-work-BATCH-2026-002-002","candidate-BATCH-2026-001-096","Zero Trust Networks","catalogued","authorized_preview","catalogued","3","pending","Obtain complete lawful access or retain as catalogued."
"book-work-BATCH-2026-002-003","candidate-BATCH-2026-001-097","OAuth 2 in Action","catalogued","authorized_preview","catalogued","1","pending","Obtain complete lawful access or retain as catalogued."
"book-work-BATCH-2026-002-004","candidate-BATCH-2026-001-098","API Security in Action","catalogued","authorized_preview","catalogued","1","pending","Obtain complete lawful access or retain as catalogued."
"book-work-BATCH-2026-002-005","candidate-BATCH-2026-001-099","Building Secure and Reliable Systems","deep_analysis_ready","full_text_lawfully_accessed","catalogued","3","pending","Schedule exact-edition deep-analysis batch with locator capture."
"book-work-BATCH-2026-002-006","candidate-BATCH-2026-001-100","Identity in Modern Applications","catalogued","authorized_preview","catalogued","1","pending","Obtain complete lawful access or retain as catalogued."
"book-work-BATCH-2026-002-007","candidate-BATCH-2026-001-101","Solving Identity Management in Modern Applications","catalogued","table_of_contents_only","catalogued","1","pending","Obtain complete lawful access or retain as catalogued."
"book-work-BATCH-2026-002-008","","Solving Identity Management in Modern Applications","identity_review_required","table_of_contents_only","catalogued","2","pending","Resolve revised-work identity before analysis."
"book-work-BATCH-2026-002-009","candidate-BATCH-2026-001-102","Identity-Native Infrastructure Access Management","catalogued","authorized_preview","catalogued","1","pending","Obtain complete lawful access or retain as catalogued."
